p_id,demographics.age,demographics.gender
03fad10aebba59bdbb4d3c7b207552d0c4f05b7ac818e5d440748f0fe27284ff,28,Male
1b4cf2785e8510cc8f713a6c84cd2b81ee49ed3fde03c98b286f9cea722de418,27,Male
99e1d468a69e520914517a99feef2ebbcb7e5c7599bda9064dbcc4712b631d0d,34,Male
3e89f5b6e414016048108b59c9ca5e0c61dd8004ca42dd393e8cf750ed8f84cd,36,Female
770d0fe733899a5122a68c3ac0614b6f552cdae9712d017b245c56c840a61de5,71,Male
231ea0e6f24099a016a23dc0256a995e12b8b9dd34f4429ffcf07a5db1c00830,32,Male
a47162e20a10d948dc72800a5f5c40a3a2f5fd2843d1a92fb9e04e912b53672f,41,Female
fa3c0063167c74012ee474c5943cbaaa9f874175647d20e2cc1099ed8a9b5280,36,Female
aeb41ac311a7189561a93763cf83a4aa2e453467b80ca911c9757d3f1ab5ac6e,31,Male
b30cff68cfefafa64d602305a2d57a5194a7d5b58e7b9d6e55d4ef20d71c9958,50,Male
43db055d90496ffb7ea9813161b913f3144b20a7c8363c676b228a7b7b10334c,26,Female
bf35de63481cf5a5b21970c238fba171d3d37bcb11c49e7a897dabcd03a3bcc2,57,Female
ecc15ea3356df2d2a9348be1862df7c4fa46c79086bd4a11575b32e8d731faee,33,Male
6b28bf89353ea8844fcbecbec260116840452ba00deadd1e081a629176c14e25,31,Male
a3aa2788d2acf7b2c77f42efbe06920ed6fc71f9cf19803a1dd71b26d4202653,50,Male
74967539a972d66e2f9caff90a7819dfa70bc3d785cd9d55b674901312af82a8,32,Other
6bd887dc17127b107da1be681c48a91496e6dccf2689b5c178fe2f4c7645af0b,22,Female
d33b2e9a35ddc83360f62b498af7dd95d64b655f780fb4d35be3bf34aac5537f,35,Female
4260fd7099e36d60c6bf95e234f48b135fa113d3de53b38486bdd0b229765c79,37,Male
81ba93672ebe20572e2d9b034c9d709e62fa4f4225f4181bdd4f770d9648c559,30,Male
38792c2d2e5c3893e794b8bed1c54cbbd6c9faab5403b7fa5e84e51f8a758f4e,47,Female
e995eec230f35ba1e0201a7c7b4d159ebadd2952022b32bdeb4225caef6d173f,27,Male
aed7ebb2fc887da8587696d028407592c5f6905c598a8cb514b1cc97c093893a,29,Male
ceb3dd17696856e75603a0766a541b64ab97bac0028ec4c745dbb62c9c6da343,27,Male
6850c21d4ff27e84ff4649d63ef3affaf70a7ca440a374b98869b4866c1e39ee,45,Male
5c19808e8f12c0aae1178227f178c0025fbccee2f952c7cc5aa0a9beab8e3b57,31,Female
114bf18c787ac5ce43b4197d0a72b3280fbcaf7ea7dac2c675de3beefd180ed7,45,Female
9604fb1a132f60f170e4548e421f718c797d89e6db1a0cf2d87fa2a19f1d3c8f,47,Male
45d90db09f4536e4e60db64d6274f6078f5c0dd10da9bc6dc10d2ad61f1efe79,43,Male
62c91fada0716a7216d0daec57ae8a28b2ca0a3d27db2fd1c79422f8985381ef,25,Female
07806957fb2ca122f6193545ff939c3341df0688b54d4bb5e8927a76c23f715b,24,Male
8b62c598b7594209dc7c773008a4dd739a36eb64a289b687909020ed2b3c9e3b,46,Female
22c1fe98345f9f74441647c9b4e162c480ea73ace106014c9cb58594c62a7af4,28,Female
57eae59253534116ce17af4e8757dcbe1c9011ab39d1a40b494a87378ff2309b,32,Male
40150fe657f878a75ac4e13af3352f68ab0cdf5ca09adbaaa248b3e4705a1abc,28,Male
86cd58a99359a1651a35eb616620ff42386d71cc7043fb839fe026c4dfe95a08,27,Male
e13da0878d7a7a684a3244487fcdb259cda0dc2f0da42a381f217c944a67d407,37,Male
ea79a4881cea7a689d9a697bc98096596ce6de8344b0a8036bed268c068dc671,43,Male
9e988ced79651fcfa014584f24ad4cd36f175d420abdad5401203d4a5811a195,33,Female
707dc86847e32242ed282378ef44fd15c111ac74988026926b7f79dc567dd7a8,31,Female
b0d0e04f5fccac61fe76ce0027cafe44941d40f16148604d7c05412b30dbe16c,26,Female
03048fd11bb974cc129bb65f2ef8b40c35176b4772c1effb6227434cfbd4e398,26,Male
b6a136d7d407c90a65a3f994dad27747c8353ac437ea119945c8cad76fd774a4,34,Male
867ecf18fa28d6a9d3ef9194e1d7d41cf27ee07c49c00d7e521e0220835642c6,26,Male
a4f85b9c5c5aef02c27b3dd0857910bab3289e113d6cc4ad22eff63836e438c6,34,Female
4019aa77bb93deb0e476b46a27fdeb9c51ed83b9b53987300cebe46da8e7967f,29,Female
6ba1fad3008839789ec58edec21ff113a4441678c976c0298f9303c8098a14e1,31,Male
7881070bad6a0fc17f60adbcfd9b83d279b367ad18551a8d2b1d469faa9ed669,48,Male
d4d77d9e4102997c9ffc7c017b6c8eb1e0155c114473f8ddb57570d9efe2b8ec,30,Male
ac530e505b79ceda9f9d4599fc58e281ab9e763ce88684325030359dfd381085,47,Female
eab4851e03df937dd5a7d73d51d549cebed37e160c204defb4469aec143ef245,33,Male
257bb3c1d89e03968bc6599c2e85e15f1ecd89c566ad76ef0f2f427adc2c2388,23,Female
dd8ef51d4f35ea11e80593cb403b9c39ddd18c888e5003f55a83ffb1861b631c,25,Female
f5a3b305b55c665ae2c113e263674a182b62a68724bc7954f0eef7c6987c7354,28,Male
d7dfc25a9473e71e0f4d30ff171627d0c4593c1dc0c3f860af8198e4eb79bbb8,27,Male
fa55b69b5107d2a3d106a59d555222aff7d5a45658fda9a36b087f3d51ee04c8,27,Male
abe812676af2ec8d23492cbafa3041ea952765682fb108162d37da6d2fd5b900,33,Female
4d71436c105b8cc929dc5cc600a7fc9aea1b4b94cca51242d574fa4bc47bdec8,28,Female
6dacb8ef393ebb8bbbf3c1070c4074c5a7e0922334605594169e20cf295681d2,30,Male
c42964b3489d6fd3f9a1dfe581a848b7425ee2fa9da1f44103b9e9f712906b80,34,Male
db70ca62646db8a8562d8a985c88291038759421308285af0a699067fd179776,30,Male
aaffcb012d9cd1efe0b9abd41a4ae0077a942563bf2b58eb49df24e024a9d039,26,Female
p_11576776692985174117118149,22,Female
p_11655191164413414353111366,18,Male
p_12229296588426531237315268,18,Female
p_12741662967431453577879326,47,Male
p_13736198216243681266412414,18,Female
p_15524782839477135289776989,21,Female
p_15594587219646679361358929,19,Female
p_16761961729754424772313496,18,Male
p_16831887846267711592382823,39,Male
p_16863563241498526662778519,24,Female
p_17292671355338348492564516,37,Female
p_17353488594727256358357985,18,Female
p_17433677853371439345796546,29,Female
p_18394734293268593292769569,57,Female
p_18449557915218651359352456,18,Male
p_18531852415435124193238821,44,Male
p_18973666673262971779377377,18,Female
p_19322913372943513954244625,19,Female
p_19522153468973252898638286,20,Female
p_19535395188588928567284336,51,Female
p_19927577311647616863563241,21,Male
p_21192989951554991343767347,18,Male
p_22781725267885219718838676,31,Female
p_23278948338955934174377385,67,Female
p_23756594656514745723224619,20,Female
p_24222878697338771919525461,20,Female
p_24387573258521288862642648,19,Male
p_24482498174455291895511858,27,Female
p_24635758355476812446236677,50,Female
p_25291134123835857374227448,20,Male
p_25329684678686776448638672,24,Female
p_25994398243326811388836787,21,Female
p_26265616261936514391931461,21,Female
p_27167198393271918682937387,18,Female
p_27413137136582879449487229,55,Male
p_27461452558791469836258454,20,Female
p_27484693913527623342772521,18,Female
p_28544197758459614492468628,33,Female
p_28663827175921249437258579,18,Male
p_29468544347581297247231845,48,Female
p_29658842653123731526883856,27,Male
p_31226218314613711927891887,21,Female
p_32181249964748793365959572,48,Female
p_32246193773598984416579344,23,Female
p_32837599599546347557834566,20,Female
p_32885881841876672835934476,18,Male
p_33274348721364285666793148,20,Female
p_34519246688447599348461141,52,Male
p_34878994645126191338924622,24,Female
p_35574629819899978229884818,54,Female
p_35888337178928821612333112,21,Female
p_35971924639923182355165167,54,Female
p_35985757276232748568546861,22,Female
p_36322227171567566423475295,28,Female
p_36734569543993166479679916,24,Female
p_37387767264128831873824992,29,Female
p_37867148484784117397129399,22,Female
p_39339323561944395916726122,19,Female
p_39498423453963777511253477,18,Female
p_41189634478789983863536279,22,Female
p_41284334992373795195261618,33,Female
p_41457416188522626837333998,40,Male
p_41763868543745788641587347,18,Male
p_41848717642974786218881164,31,Female
p_43511663641776367215535582,18,Female
p_43531551895174852462128198,28,Female
p_44168764536816446967329771,22,Male
p_44233596812642476789881974,19,Male
p_44836238292259798516867936,49,Female
p_44934942729812323639962488,22,Female
p_45126191338924622987918781,27,Female
p_46159278323178873299212539,29,Female
p_46517215583611414735195192,19,Female
p_46955854759624494458164224,77,Male
p_47464596379222936649432691,18,Female
p_47944276828517558868598322,18,Female
p_48132428223229635659239228,37,Female
p_48647952351687893926697352,18,Female
p_48692762657769112883814743,18,Female
p_49531764878285335119339383,20,Male
p_49679274656474394434924257,18,Female
p_49759838448983795155848359,48,Female
p_49926462946463887593411579,35,Female
p_51946533655917732397211448,20,Male
p_52128886264264825447472677,22,Female
p_52874564457341382679624998,39,Female
p_52916691591211767993182349,19,Female
p_53577879326479624182785633,33,Female
p_55478927487642221229773788,18,Female
p_56663328479119199513162892,26,Female
p_57122487646724844299844364,18,Female
p_57295533826936713936135156,22,Female
p_58693942652855688354124316,22,Male
p_59379199312929681622468979,19,Female
p_59764819539611483762737152,48,Male
p_61891966948872738185843963,19,Female
p_62686782766714847925118697,18,Male
p_63167245322125823198335421,50,Female
p_63392625556593374836377287,36,Male
p_64271671983932719186829373,20,Male
p_64441388798321978722419356,22,Male
p_65239574119965495739789358,19,Male
p_65963199126572334977576368,19,Female
p_66277851955865127334493635,27,Male
p_66659823198285344996956756,45,Female
p_67242599644276645265635122,21,Male
p_67251434766823276541688569,18,Female
p_67266772942423881328852322,44,Male
p_67838881382426126698335812,46,Female
p_67911292794732982187842564,19,Female
p_68855354434863658726755838,18,Male
p_72175394564334875736891711,45,Female
p_72247781129432885881841876,27,Male
p_72436979138732195532266885,18,Female
p_73772735856729842281343575,18,Female
p_74156988456524897453547958,33,Female
p_74632485231919614419313994,18,Female
p_74836377287154883973699152,18,Female
p_74982998551819443248492862,19,Male
p_75595695598489256433765157,18,Female
p_75764666363376386935184822,20,Female
p_75832182979161885898966583,26,Female
p_76532715315863324525193958,36,Other
p_76869854876285496597292157,28,Female
p_77295679761835633131878389,18,Female
p_77647397915371798593889587,18,Female
p_77683542331611547978355465,53,Female
p_77892577836932978744855783,34,Male
p_78559597938951358375923178,28,Female
p_78729141222929658842653123,18,Female
p_79125877944986389188872169,24,Female
p_79563476813667896141815555,18,Female
p_81983184364519157948825175,39,Female
p_82691426342674976738522455,23,Male
p_84113219845725381271125759,19,Female
p_84489837951558483595612366,18,Male
p_84849146698566348949661445,19,Female
p_86142756298751439614392686,20,Female
p_86163942129913863922968145,25,Male
p_86545513452196549958879619,19,Male
p_86738731697122557285613639,18,Female
p_87224198576163553862218462,18,Female
p_87491655355418538423661556,19,Male
p_87659596556126331384725825,27,Male
p_88796199757376933424866817,20,Female
p_88843381111537557517288782,27,Male
p_89653889852535526997268342,66,Female
p_89765212114376487128346994,19,Female
p_91148648481854122838854926,32,Male
p_91231478837719984134297335,20,Male
p_91588974884445244645826686,22,Female
p_92585154995157541389143921,53,Male
p_92767347691681444169362456,21,Male
p_93179232592269731754132188,18,Male
p_93287124437393935393242432,59,Male
p_93476686911576143858657448,40,Female
p_94476449599231717975959287,21,Female
p_94721837621316737429782297,19,Female
p_94794269569297171317182245,18,Male
p_95335493254164727323699533,56,Female
p_95399926295388919361711743,20,Female
p_95598863619717795991682439,20,Female
p_95845683256985747269191926,19,Other
p_95887961997573769334248668,18,Male
p_95996261399728652494915518,20,Female
p_96228591893229115627694883,26,Female
p_96256394381417255168739436,32,Female
p_96864764454847238829865319,26,Female
p_97595928783372166917967275,18,Female
p_97987848844882347298859556,37,Male
p_98791878123356226441554186,18,Female
p_99154128191157241615462138,29,Prefer not to answer
p_99381542219375668616577818,27,Male
p_99464512619133892462298791,18,Female
p_99738792493256458815458661,42,Female
